<?xml version="1.0" encoding="UTF-8"?>
<project-private xmlns="http://www.netbeans.org/ns/project-private/1">
    <editor-bookmarks xmlns="http://www.netbeans.org/ns/editor-bookmarks/2" lastBookmarkId="0"/>
    <open-files xmlns="http://www.netbeans.org/ns/projectui-open-files/2">
        <group>
            <file>file:/D:/5100/project/ChessZ-5100final-3baf5eb854ce/ChessZ-5100final-3baf5eb854ce/Project/src/Interface/Seller/NowBidding.java</file>
            <file>file:/D:/5100/project/ChessZ-5100final-3baf5eb854ce/ChessZ-5100final-3baf5eb854ce/Project/src/Interface/Seller/PlaceAnAuction.java</file>
            <file>file:/D:/5100/project/ChessZ-5100final-3baf5eb854ce/ChessZ-5100final-3baf5eb854ce/Project/src/Interface/Buyer/BrowseItemDetail.java</file>
            <file>file:/D:/5100/project/ChessZ-5100final-3baf5eb854ce/ChessZ-5100final-3baf5eb854ce/Project/src/Interface/Seller/BiddingHistory.java</file>
            <file>file:/D:/5100/project/ChessZ-5100final-3baf5eb854ce/ChessZ-5100final-3baf5eb854ce/Project/src/Interface/Buyer/BrowseItems.java</file>
            <file>file:/D:/5100/project/ChessZ-5100final-3baf5eb854ce/ChessZ-5100final-3baf5eb854ce/Project/src/Interface/Buyer/BuyerWorkArea.java</file>
            <file>file:/D:/5100/project/ChessZ-5100final-3baf5eb854ce/ChessZ-5100final-3baf5eb854ce/Project/src/Interface/Buyer/BiddingItems.java</file>
            <file>file:/D:/5100/project/ChessZ-5100final-3baf5eb854ce/ChessZ-5100final-3baf5eb854ce/Project/src/Interface/Buyer/PurchasedItems.java</file>
            <file>file:/D:/5100/project/ChessZ-5100final-3baf5eb854ce/ChessZ-5100final-3baf5eb854ce/Project/src/Interface/Seller/NowBiddingDetail.java</file>
            <file>file:/D:/5100/project/ChessZ-5100final-3baf5eb854ce/ChessZ-5100final-3baf5eb854ce/Project/src/Interface/Seller/SellerWorkArea.java</file>
        </group>
    </open-files>
</project-private>
